Name,Publication,Rating,Primary Topic,Tags,Date,Link,Summary,Dated Added,To-Reads,Top 5
Stop aggregating away the signal in your data,The Overflow,,Visualization,,3/3/2022,https://stackoverflow.blog/2022/03/03/stop-aggregating-away-the-signal-in-your-data/,,"April 9, 2022",,
The Curse of Reading and Forgetting,The New Yorker,,Life,,5/22/2013,https://www.newyorker.com/books/page-turner/the-curse-of-reading-and-forgetting,,"March 24, 2022",,
How to Make Your Marriage Gayer,The New York Times,,Love,Life,2/13/2022,https://www.nytimes.com/2020/02/13/opinion/sunday/marriage-housework-gender-happiness.html,,"February 21, 2022",,
Why I Run in Prison,Outside,,Life,,4/2/2017,https://www.outsideonline.com/health/running/why-i-run-prison/,,"February 21, 2022",,
"The NFL Protests May Be Unpopular Now, But That Doesn’t Mean They’ll End That Way",FiveThirtyEight,,Metropolitan,Politics,9/25/2017,https://fivethirtyeight.com/features/the-nfl-protests-may-be-unpopular-now-but-that-doesnt-mean-theyll-end-that-way/,,"February 21, 2022",,
My Family Lost Our Farm During Japanese Incarceration. I Went Searching for What Remains.,Mother Jones,,Metropolitan,Life,2/18/2022,https://www.motherjones.com/environment/2022/02/my-family-lost-our-farm-during-japanese-incarceration-i-went-searching-for-what-remains/,,"February 20, 2022",,
It's Your Friends Who Break Your Heart,The Atlantic,,Love,Life,2/9/2022,https://www.theatlantic.com/magazine/archive/2022/03/why-we-lose-friends-aging-happiness/621305/?utm_source=facebook&utm_medium=social&utm_term=2022-02-09T11%3A00%3A59&utm_content=edit-promo&utm_campaign=the-atlantic&fbclid=IwAR0MT46pqs-P3R19E64OeBfK0Sz2VQqUdX-59-zSwriLXIGGPu1h0aQv0TQ,,"February 19, 2022",,
What if There’s No Such Thing as Closure?,The New York Times Magazine,,Love,Life,12/15/2021,https://www.nytimes.com/2021/12/15/magazine/grieving-loss-closure.html,,"January 9, 2022",,
How Hobbies Infiltrated American Life,The Atlantic,,Life,,1/4/2022,https://www.theatlantic.com/family/archive/2022/01/history-hobbies-america-productivity-leisure/621150/,,"January 8, 2022",,
How Disgust Explains Everything,The New York Times,,Life,,12/27/2021,https://www.nytimes.com/2021/12/27/magazine/disgust-science.html,,"January 8, 2022",,
Escaping Into the Crossword Puzzle,The New Yorker,,Life,,12/20/2021,https://www.newyorker.com/magazine/2021/12/27/escaping-into-the-crossword-puzzle,,"December 25, 2021",,
What Do Rally Playlists Say About the Candidates?,The New York Times,,Politics,"Visualization,Metropolitan",8/19/2019,https://www.nytimes.com/interactive/2019/08/19/us/politics/presidential-campaign-songs-playlists.html,,"December 9, 2021",,
A Filmmaker Bared His Soul. It Ruined His Life.,The New York Times Magazine,,Art,Life,10/30/2019,https://www.nytimes.com/2019/10/30/magazine/caveh-zahedi-documentary-film.html,https://www.youtube.com/playlist?list=PLX1W43ZgDnWFX5BE3mGOpfD_dOKJQh-Ms,"December 1, 2021",,
How Maps Reshape American Politics,The New York Times,,Politics,Visualization,11/7/2021,https://www.nytimes.com/interactive/2021/11/07/us/politics/redistricting-maps-explained.html?referringSource=articleShare,,"November 8, 2021",,
The Surprisingly Big Business of Library E-books,The New Yorker,,Metropolitan,Technology,9/2/2021,https://www.newyorker.com/news/annals-of-communications/an-app-called-libby-and-the-surprisingly-big-business-of-library-e-books?utm_campaign=likeshopme&client_service_id=31202&utm_social_type=owned&utm_brand=tny&service_user_id=1.78e+16&utm_content=instagram-bio-link&utm_source=instagram&utm_medium=social&client_service_name=the%20new%20yorker&supported_service_name=instagram_publishing,,"September 8, 2021",,
Degrees of Anxiety,The Point,,Higher Education,Education,8/15/2021,https://thepointmag.com/examined-life/degrees-of-anxiety/?mc_cid=cc31641968&mc_eid=861bc183d8,,"September 7, 2021",,
The great American cool,Vox,,Life,,7/14/2021,https://www.vox.com/the-goods/22570006/cool-consumer-identity-gen-z-cheugy,,"August 5, 2021",,
The Tax Time,The Atlantic,,Technology,Politics,7/27/2021,https://www.theatlantic.com/politics/archive/2021/07/how-government-learned-waste-your-time-tax/619568/,,"August 4, 2021",,
The Internet Is Rotting,The Atlantic,,Technology,Law,6/30/2021,https://www.theatlantic.com/technology/archive/2021/06/the-internet-is-a-collective-hallucination/619320/?utm_source=chartr,,"July 2, 2021",,
Eavesdropping Through a Pandemic,The New Yorker,,Life,,6/16/2021,https://www.newyorker.com/culture/dept-of-returns/eavesdropping-through-a-pandemic?utm_campaign=likeshopme&client_service_id=31202&utm_social_type=owned&utm_brand=tny&service_user_id=1.78e+16&utm_content=instagram-bio-link&utm_source=instagram&utm_medium=social&client_service_name=the%20new%20yorker&supported_service_name=instagram_publishing,,"June 17, 2021",,
The Psychological Benefits of Commuting to Work,The Atlantic,,Life,,7/1/2021,https://airtable.com/tbloWSiuv5V33Ppfg/viwwhbcE6B90KXN8R?blocks=hide,,"June 11, 2021",,
The Persistent Grip of Social Class on College Admissions,The New York Times,,Higher Education,Metropolitan,5/26/2021,https://www.nytimes.com/2021/05/26/upshot/college-admissions-essay-sat.html?smid=fb-nytupshot&smtyp=cur&fbclid=IwAR3XcGF6_v21aFr9kGSoL7ZOkuy8gaylSSFCOeFGB0O71MZauV-Qss6fQsQ,,"May 26, 2021",,
The Texas Mask Mystery,The Atlantic,,Science,Politics,5/21/2021,https://www.theatlantic.com/ideas/archive/2021/05/texas-mask-mandate-no-effect/618942/,,"May 23, 2021",,
Mapping My Literature Landscape,Medium,,Visualization,,9/3/2020,https://medium.com/nightingale/mapping-my-literature-landscape-24d4f7198eb7,,"May 15, 2021",,
Who Wants to Play the Status Game?,The Point,,Life,,1/16/2020,https://thepointmag.com/examined-life/who-wants-to-play-the-status-game-agnes-callard/,,"May 15, 2021",,
The Gatekeepers Who Get to Decide What Food Is “Disgusting”,The New Yorker,,Metropolitan,Life,5/10/2021,https://www.newyorker.com/magazine/2021/05/17/the-gatekeepers-who-get-to-decide-what-food-is-disgusting,,"May 12, 2021",,
"Over 6 Years and 211 Spots, a British Man Conquers a Parking Lot",The New York Times,,Visualization,Life,4/30/2021,https://www.nytimes.com/2021/04/30/world/europe/gareth-wild-parking-bromley-sainsbury.html?referringSource=articleShare,,"May 5, 2021",,
"No-Knead Bread, Revisited",The New York Times,,Life,,5/3/2021,https://www.nytimes.com/2021/05/03/dining/no-knead-bread-recipes.html?referringSource=articleShare,,"May 3, 2021",,
How social justice slideshows took over Instagram,Vox,,Visualization,Politics,8/12/2020,https://www.vox.com/the-goods/21359098/social-justice-slideshows-instagram-activism,,"April 6, 2021",,
The Unmitigated Chaos of America’s Attempt at Color-Coded Covid Guidance,The New York Times,,Visualization,Health Care,4/2/2021,https://www.nytimes.com/2021/04/02/style/coronavirus-safety-colors-states.html,,"April 2, 2021",,
I Spent My Life Consenting to Touch I Didn’t Want,The New York Times,,Life,Love,3/31/2021,https://www.nytimes.com/2021/03/31/magazine/consent.html?smid=fb-share&fbclid=IwAR2e10ieZ47JtAtTjd5zD2XipsvE7YxOjRasvWyK5PrGuEUlY3EIwjcUZ6M,,"April 1, 2021",,
Do You Think You Can Tell How Neighborhood Voted Just by Looking Around?,The New York Times,,Politics,Visualization,3/29/2021,https://www.nytimes.com/interactive/2021/upshot/trump-biden-geography-quiz.html,,"March 29, 2021",,
The Rise of Therapy-Speak,The New Yorker,,Life,,3/26/2021,https://www.newyorker.com/culture/cultural-comment/the-rise-of-therapy-speak,,"March 28, 2021",,
Abuse and Power,New York Magazine,,Metropolitan,Politics,3/12/2021,https://nymag.com/intelligencer/article/andrew-cuomo-misconduct-allegations.html,,"March 20, 2021",,
Don Lemon Organizes His Books by Color,The New York Times,,Life,,3/15/2021,https://www.nytimes.com/2021/03/15/books/review/don-lemon-by-the-book-interview.html?referringSource=articleShare,I just like the questions they ask ,"March 16, 2021",,
How a British Gardening Show Got People Through the Pandemic,The New York Times,,Life,,3/12/2021,https://www.nytimes.com/2021/03/12/realestate/gardening-monty-don-pandemic.html?referringSource=articleShare,,"March 14, 2021",,
Stockton’s Basic-Income Experiment Pays Off,The Atlantic,,Economics,Stockton,3/3/2021,https://www.theatlantic.com/ideas/archive/2021/03/stocktons-basic-income-experiment-pays-off/618174/,,"March 3, 2021",,
This California Law Offers Biden a Tool in the Fight for Environmental Justice,The Nation,,Science,,12/24/2020,https://www.thenation.com/article/environment/ab617-environment-california-epa/,,"March 3, 2021",,
Housing Projects And Empty Lots. How Chanell Stone Is Reframing Nature Photography,NPR,,Metropolitan,Life,2/27/2021,https://www.npr.org/sections/pictureshow/2021/02/27/970992758/housing-projects-and-empty-lots-how-chanell-stone-is-reframing-nature-photograph,,"February 27, 2021",,
The Race to Fix Virtual Meetings,The New York Times,,Technology,Life,2/17/2021,https://www.nytimes.com/2021/02/17/magazine/video-conference.html?referringSource=articleShare,,"February 19, 2021",,
What Can Covid-19 Teach Us About the Mysteries of Smell?,The New York Times Magazine,,Science,Life,1/28/2021,https://www.nytimes.com/2021/01/28/magazine/covid-smell-science.html?referringSource=articleShare,Read version hear https://open.spotify.com/episode/44SAm0lesbZXUcOTckRpzK?si=8wmKLjgVTbG3mY_NYz7aTA,"February 1, 2021",,
Twelve Minutes and a Life,Runner’s World,,Metropolitan,Life,6/18/2020,https://www.runnersworld.com/runners-stories/a32883923/ahmaud-arbery-death-running-and-racism/?utm_source=twitter&utm_medium=social-media&utm_campaign=socialflowTWRW,,"January 18, 2021",,
The Fall of Michael Tubbs,Politico,,Stockton,,12/23/2020,https://www.politico.com/news/magazine/2020/12/23/the-fall-of-michael-tubbs-449619,,"December 29, 2020",,
The Plot to Take Down Michael Tubbs,Medium,,Stockton,Politics,12/8/2020,https://gen.medium.com/the-plot-to-take-down-michael-tubbs-125f1b88d1b6,,"December 9, 2020",,
More Than Friends,Medium,,Love,Life,8/6/2019,https://gay.medium.com/more-than-friends-884595d49277,,"December 8, 2020",,
No game days. No bars. The pandemic is forcing some men to realize they need deeper friendships.,The Washington Post,,Life,,11/30/2020,https://www.washingtonpost.com/road-to-recovery/2020/11/30/male-bonding-covid/?fbclid=IwAR0itB7BxzpM4bkr_Uh_TFeM4KcXtOh2J0nzOBsL9jwXhfc3hQJe8l1AjHU,,"December 1, 2020",,
Wildfire Smoke Is Poisoning California’s Kids. Some Pay a Higher Price.,The New York Times,,Metropolitan,,11/27/2020,https://www.nytimes.com/interactive/2020/11/26/climate/california-smoke-children-health.html?referringSource=articleShare,,"November 27, 2020",,
The 15-Minute City—No Cars Required—Is Urban Planning’s New Utopia,Bloomberg,,Metropolitan,,11/12/2020,https://www.bloomberg.com/news/features/2020-11-12/paris-s-15-minute-city-could-be-coming-to-an-urban-area-near-you,,"November 17, 2020",,
"What If Friendship, Not Marriage, Was at the Center of Life?",The Atlantic,,Life,Love,10/20/2020,https://www.theatlantic.com/family/archive/2020/10/people-who-prioritize-friendship-over-romance/616779/,,"October 28, 2020",,2020
Record Wildfires on the West Coast Are Capping a Disastrous Decade,The New York Times,,Science,Visualization,9/24/2020,https://www.nytimes.com/interactive/2020/09/24/climate/fires-worst-year-california-oregon-washington.html?referringSource=articleShare,,"October 1, 2020",,
How Mitch McConnell is changing the Democratic Party,Vox,,Politics,,9/24/2020,https://www.vox.com/policy-and-politics/21450891/mitch-mcconnell-ruth-bader-ginsburg-senate-congress-democrats-2020-supreme-court-filibuster,,"September 27, 2020",,
The True Colors of America’s Political Spectrum Are Gray and Green,"The New York Times,The Upshot",,Politics,"Visualization,Metropolitan",9/2/2020,https://www.nytimes.com/interactive/2020/09/02/upshot/america-political-spectrum.html?smid=ig-nytimes&utm_source=curalate_like2buy&utm_medium=curalate_like2buy_3euQ1BMQ__df46973f-1c4b-49ab-a8c6-0b6b035569f9&crl8_id=df46973f-1c4b-49ab-a8c6-0b6b035569f9,,"September 3, 2020",,
"Every Moon in Our Solar System, Ranked",Popular Mechanics,,Science,,4/7/2020,https://www.popularmechanics.com/space/solar-system/a29849258/solar-system-moon-ranking/,,"September 1, 2020",,
This Is How We Lost to the White Man,The Atlantic,,Metropolitan,,5/1/2008,https://www.theatlantic.com/magazine/archive/2008/05/-this-is-how-we-lost-to-the-white-man/306774/,,"August 23, 2020",,
How We Designed The Look Of Our 2020 Forecast,FiveThirtyEight,,Visualization,Politics,8/13/2020,https://fivethirtyeight.com/features/how-we-designed-the-look-of-our-2020-forecast/,,"August 14, 2020",,
Indelible Impressions: Why You Won’t Forget the Map Room Project,Medium,,Visualization,Education,7/31/2020,https://medium.com/nightingale/indelible-impressions-why-you-wont-forget-the-map-room-project-d4d4c3158f3c,,"August 10, 2020",,
How do you draw a circle?,Quartz,,Visualization,,7/15/2017,https://qz.com/994486/the-way-you-draw-circles-says-a-lot-about-you/,,"August 7, 2020",,
"How Y’all, Youse and You Guys Talk","The New York Times,The Upshot",,Metropolitan,,12/21/2013,https://www.nytimes.com/interactive/2014/upshot/dialect-quiz-map.html,Doesn't work on Chrome,"July 29, 2020",,
How Friendships Change in Adulthood,The Atlantic,,Life,,10/22/2015,https://www.theatlantic.com/health/archive/2015/10/how-friendships-change-over-time-in-adulthood/411466/,,"June 21, 2020",,
Nearly Half of Men Say They Do Most of the Home Schooling. 3 Percent of Women Agree.,"The New York Times,The Upshot",,Economics,Life,5/6/2020,https://www.nytimes.com/2020/05/06/upshot/pandemic-chores-homeschooling-gender.html,,"May 13, 2020",,
The Pandemic Is the Time to Resurrect the Public University,The New Yorker,,Higher Education,,5/7/2020,https://www.newyorker.com/culture/cultural-comment/the-pandemic-is-the-time-to-resurrect-the-public-university,,"May 7, 2020",,
What to Ask Instead of ‘How Are You?’ During a Pandemic,The Atlantic,,Life,,4/24/2020,https://www.theatlantic.com/family/archive/2020/04/should-i-still-say-how-are-you-during-a-pandemic/610639/,,"May 7, 2020",,
Should the Virus Mean Straight A’s for Everyone?,The New York Times,,Education,,4/30/2020,https://www.nytimes.com/2020/04/30/us/coronavirus-high-school-grades.html?referringSource=articleShare,,"May 2, 2020",,
The Quiet Revolution of Animal Crossing,The Atlantic,,Life,Economics,4/15/2020,https://www.theatlantic.com/family/archive/2020/04/animal-crossing-isnt-escapist-its-political/610012/,,"April 18, 2020",,
The Hidden Bigotry of Crosswords,The Atlantic,,Life,,3/18/2020,https://www.theatlantic.com/culture/archive/2020/03/fight-to-make-crosswords-more-inclusive/608212/,,"April 4, 2020",,
A new message on coronavirus in hard-hit areas: Don’t get tested,The Washington Post,,Health Care,,3/21/2020,https://www.washingtonpost.com/health/2020/03/21/coronavirus-testing-strategyshift/,,"March 21, 2020",,
Parable of the Poligons,,,Metropolitan,Visualization,,https://ncase.me/polygons/,,"March 9, 2020",,
Explorable Explanations,,,Visualization,,3/10/2011,http://worrydream.com/ExplorableExplanations/,,"March 9, 2020",,
Starbucks: A reconsideration,Vox,,Life,Metropolitan,2/27/2020,https://www.vox.com/the-goods/2020/2/27/21145969/starbucks-coffee-drinks-stores,,"February 29, 2020",,2020
The Man With the $13 Billion Checkbook,The New York Times,,Metropolitan,"Economics,Politics",7/12/2019,https://www.nytimes.com/2019/07/12/nyregion/darren-walker-ford-foundation.html,,"February 24, 2020",,
Wikipedia Is the Last Best Place on the Internet,Wired,,Technology,,2/17/2020,https://www.wired.com/story/wikipedia-online-encyclopedia-best-place-internet/,,"February 23, 2020",,2020
Love in the Time of Low Expectations,The New York Times,,Love,Life,1/24/2020,https://www.nytimes.com/2020/01/24/style/modern-love-in-the-time-of-low-expectations.html,,"January 24, 2020",,
America’s Most Diverse City Is Still Scarred by Its Past,U.S News & World Report,3,Stockton,,1/22/2020,https://www.usnews.com/news/cities/articles/2020-01-22/stockton-california-americas-most-diverse-city-is-still-scarred-by-its-past,,"January 22, 2020",,
Two States. Eight Textbooks. Two American Stories.,The New York Times,,Education,"Politics,Metropolitan",1/12/2020,https://www.nytimes.com/interactive/2020/01/12/us/texas-vs-california-history-textbooks.html,,"January 12, 2020",,2020
How to Have Closer Friendships (and Why You Need Them),The New York Times,,Life,,11/20/2019,https://www.nytimes.com/2019/11/20/smarter-living/how-to-have-closer-friendships.html,,"January 2, 2020",,
"Twelve Million Phones, One Dataset, Zero Privacy",The New York Times,,Technology,"Politics,Science,Life",12/19/2019,https://www.nytimes.com/interactive/2019/12/19/opinion/location-tracking-cell-phone.html,"Part of NYT’s “ONE NATION, TRACKED” Series ","December 19, 2019",,
‘Mayors for Mike’: How Bloomberg’s Money Built a 2020 Political Network,The New York Times,,Stockton,Politics,12/14/2019,https://www.nytimes.com/2019/12/14/us/politics/bloomberg-mayors-2020.html?smid=nytcore-ios-share,,"December 19, 2019",,
New Kind of Student Loan Gains Major Support. Is There a Downside?,"The Upshot,The New York Times",,Higher Education,"Education,Economics",12/16/2019,https://www.nytimes.com/2019/12/16/upshot/student-loan-debt-devos.html,,"December 16, 2019",,
The Nobel went to economists who changed how we help the poor. But some critics oppose their big idea.,Vox,,Economics,,12/11/2019,https://www.vox.com/future-perfect/2019/12/11/20938915/nobel-prize-economics-banerjee-duflo-kremer-rcts,,"December 16, 2019",,
Watch 4 Decades of Inequality Drive American Cities Apart,"The Upshot,The New York Times",,Economics,"Metropolitan,Politics,Visualization",12/2/2019,https://www.nytimes.com/2019/12/02/upshot/wealth-poverty-divide-american-cities.html,,"December 16, 2019",,
A new way 2020 candidates want to win your vote: tracking your phone’s location,Vox,,Politics,,12/11/2019,https://www.vox.com/recode/2019/12/11/20986682/trump-democrats-phone-location-data-collection-campaigns,,"December 12, 2019",,
"Why humans kiss, explained",Vox,,Love,Life,12/11/2019,https://www.vox.com/the-highlight/2019/12/4/20992196/kiss-kissing-why-science,,"December 12, 2019",,
Biased Algorithms Are Easier to Fix Than Biased People,The New York Times,,Technology,Metropolitan,12/6/2019,https://www.nytimes.com/2019/12/06/business/algorithm-bias-fix.html,,"December 10, 2019",,
How Connected Is Your Community to Everywhere Else in America?,"The Upshot,The New York Times",,Life,,9/19/2018,https://www.nytimes.com/interactive/2018/09/19/upshot/facebook-county-friendships.html?smtyp=cur&smid=fb-nytupshot,,"October 6, 2019",,
Quiz: Let Us Predict Whether You’re a Democrat or a Republican,The New York Times,,Politics,,8/8/2019,https://www.nytimes.com/interactive/2019/08/08/opinion/sunday/party-polarization-quiz.html,,"September 6, 2019",,
The LGBTQ civil rights fight is far from over,Vox,,Metropolitan,Law,7/17/2019,https://www.vox.com/first-person/2019/7/17/20697174/lgbtq-civil-rights-fight-not-over,,"July 20, 2019",,
The Slackification of the American Home,The Atlantic,,Life,Love,7/11/2019,https://www.theatlantic.com/family/archive/2019/07/families-slack-asana/593584/?_hsenc=p2ANqtz-_hZbr8Inks5p7MPIp8G1IDFb_KE31x_MjKUm8H5ChhXbjQwqX9zXDuPFFd1y-pbrKdy3a8t4-xfoMZ10NNdno06bPBRB6pGGSap3q_I8yWMRBUfBY&_hsmi=74588044&utm_campaign=site_visitor.unpaid.engagement&utm_content=74588044&utm_medium=tr_social&utm_source=facebook,,"July 13, 2019",,
The best $300 I ever spent: a ticket home to see my dad,Vox,1,Life,,6/11/2019,https://www.vox.com/the-goods/2019/6/11/18659770/plane-ticket-nashville-father-dementia?fbclid=IwAR3w3vkO5AsbqxTU10dsO4hMW6p3jYV4jtezvkT_yxb8T-VF9pNmwcrfmIE,,"July 4, 2019",,2019
Better Schools Won’t Fix America,The Atlantic,,Education,"Higher Education,Economics",7/1/2019,https://www.theatlantic.com/magazine/archive/2019/07/education-isnt-enough/590611/,,"June 12, 2019",,
"A Photographer’s Old College Classmates, Back Then and Now",The New Yorker,,Life,"Higher Education,Love",11/15/2017,https://www.newyorker.com/culture/photo-booth/a-photographers-old-college-classmates-back-then-and-now?utm_medium=social&mbid=social_facebook&utm_social-type=owned&utm_source=facebook&utm_brand=tny,Saw this a while ago and didn’t add it and just relooked at it on the day of my last final of college and instantly added it,"June 11, 2019",,
Bussed out: How America moves its homeless,The Guardian,2,Metropolitan,Visualization,12/20/2017,https://www.theguardian.com/us-news/ng-interactive/2017/dec/20/bussed-out-america-moves-homeless-people-country-study,,"June 4, 2019",,
"The Strange and Gruesome Story of the Greenland Shark, the Longest-Living Vertebrate on Earth",The New Yorker,,Science,,11/25/2017,https://www.newyorker.com/tech/annals-of-technology/the-strange-and-gruesome-story-of-the-greenland-shark-the-longest-living-vertebrate-on-earth?utm_medium=social&mbid=social_facebook&utm_source=facebook&utm_social-type=owned&utm_brand=tny,,"May 31, 2019",,
The radical plan to change how Harvard teaches economics,Vox,2,Economics,Higher Education,5/22/2019,https://www.vox.com/the-highlight/2019/5/14/18520783/harvard-economics-chetty,This is a start to what I think is wrong with my undergrad economics education,"May 28, 2019",,2019
There’s More to College Than Getting Into College,The Atlantic,,Higher Education,Education,5/22/2019,https://www.theatlantic.com/ideas/archive/2019/05/david-coleman-stop-college-admissions-madness/589918/,"Written by the CEO of College Board, felt lazy and not honest","May 26, 2019",,
Where Democrats And Republicans Live In Your City,FiveThirtyEight,,Politics,"Visualization,Metropolitan",5/20/2019,https://projects.fivethirtyeight.com/republicans-democrats-cities/,,"May 20, 2019",,
How unprecedented is the decline of “Game of Thrones”?,The Economist,1,Life,Visualization,5/17/2019,https://www.economist.com/graphic-detail/2019/05/17/how-unprecedented-is-the-decline-of-game-of-thrones,,"May 19, 2019",,
Why Can’t Men Say ‘I Love You’ to Each Other?,The New York Times,,Love,Life,5/10/2019,https://www.nytimes.com/2019/05/10/style/modern-love-college-i-love-you-man-.html?smid=nytcore-ios-share,,"May 11, 2019",,
Men Have No Friends and Women Bear the Burden,Bazaar,3,Love,Life,5/2/2019,https://www.harpersbazaar.com/culture/features/a27259689/toxic-masculinity-male-friendships-emotional-labor-men-rely-on-women/?fbclid=IwAR1202viYmod6yg5cSQNEfwm42WJ4TpZcKi3Zp8_Omn8H3PDO-3LN3GUyc8,,"May 7, 2019",,
Giannis Antetokounmpo Is the Pride of a Greece That Shunned Him,The New York Times,2,Metropolitan,The World,5/3/2019,https://www.nytimes.com/2019/05/03/sports/giannis-antetokounmpo-greece.html?smid=nytcore-ios-share,,"May 4, 2019",,
"The Fall, and Rise, of Reading",The Chronicle of Higher Education,,Higher Education,Education,4/21/2019,https://www.chronicle.com/interactives/20190419-Fall-of-Reading,Actually a no star/one,"May 3, 2019",,
"Mo Salah of Liverpool Breaks Down Cultural Barriers, One Goal at a Time",The New York Times,,Metropolitan,,5/2/2018,https://www.nytimes.com/2018/05/02/world/europe/mo-salah-liverpool-champions-league.html?smid=fb-nytimes&smtyp=cur,,"May 3, 2019",,
The Other Segregation,The Atlantic,,Education,Metropolitan,4/23/2019,https://www.theatlantic.com/education/archive/2019/04/gifted-and-talented-programs-separate-students-race/587614/?fbclid=IwAR3cPwsBNDscrd4b5jQpVH8_6MVKF3nHU7zdmLF5qtCRUUnB8o2wGPac6cA,,"April 30, 2019",,
The Neighborhood Is Mostly Black. The Home Buyers Are Mostly White.,"The New York Times,The Upshot",1,Metropolitan,"Visualization,Economics",4/27/2019,https://www.nytimes.com/interactive/2019/04/27/upshot/diversity-housing-maps-raleigh-gentrification.html,,"April 28, 2019",,
How progressive is Senator Elizabeth Warren’s loan forgiveness proposal?,Brookings,2,Higher Education,Politics,4/24/2019,https://www.brookings.edu/blog/up-front/2019/04/24/how-progressive-is-senator-elizabeth-warrens-loan-forgiveness-proposal/?utm_campaign=Brookings%20Brief&utm_source=hs_email&utm_medium=email&utm_content=72104257,,"April 26, 2019",,
L.A. Street Sellers Outlawed No More,The Los Angeles Times,,Metropolitan,Visualization,1/11/2019,https://www.nytimes.com/interactive/2019/01/11/multimedia/la-street-vendors.html?mtrref=www.google.com&fbclid=IwAR1n81lMOMS48xWcM6MTFf__A_PDfdzJ_WFSTfZHtnHwp_YFabtKc87PBOY,,"April 25, 2019",,
I Found the Best Burger Place interesting America. And Then I Killed It.,Thrillest,,Life,,11/16/2018,https://www.thrillist.com/eat/portland/stanichs-closed-will-it-reopen-burger-quest?ref=twitter-869,FAT Asterisk:,"April 21, 2019",,
The False Promise of Elite Education,The Chronicle of Higher Education,1,Higher Education,"Education,Metropolitan",3/29/2019,https://www.chronicle.com/article/The-False-Promise-of-Elite/246011/,,"April 16, 2019",,
We Built an ‘Unbelievable’ (but Legal) Facial Recognition Machine,The New York Times,,Technology,"Visualization,Law",4/16/2019,https://www.nytimes.com/interactive/2019/04/16/opinion/facial-recognition-new-york-city.html,,"April 16, 2019",,
LeBron James Opened a School That Was Considered an Experiment. It’s Showing Promise.,The New York Times,,Education,,4/12/2019,https://www.nytimes.com/2019/04/12/education/lebron-james-school-ohio.html?fbclid=IwAR0CLT58tBGDwsN6-ageOTN_NdK4UTcU_Oy49bxJgIn1evrBiaVEk-ovPCc,,"April 16, 2019",,
Raising Boys With a Broader Definition of Masculinity,The Atlantic,1,Life,Love,4/15/2019,https://www.theatlantic.com/family/archive/2019/04/how-raise-boys/587107/,,"April 15, 2019",,
The Democratic Electorate on Twitter Is Not the Actual Democratic Electorate,"The Upshot,The New York Times",1,Politics,"Visualization,Metropolitan",4/9/2019,https://www.nytimes.com/interactive/2019/04/08/upshot/democratic-electorate-twitter-real-life.html,,"April 10, 2019",,2019
They Had It Coming,The Atlantic,,Higher Education,,4/4/2019,https://www.theatlantic.com/ideas/archive/2019/04/what-college-admissions-scandal-reveals/586468/?fbclid=IwAR1wGnkfdb9BdaVP7fJG-PcmIi5uNEqhkbj-xiG68xrp1xuMtFMRv8SHbLg,,"April 5, 2019",,
"Peat, Asparagus, and Hard Labor, Part 2 of 2",Soundings,,Stockton,,3/28/2019,https://soundingsmag.net/2019/03/28/peat-asparagus-and-hard-labor-part-2-of-2/?fbclid=IwAR2IQXBbsMmO83u3lTqbd6Ph2Ft6SpP5sdwHC7xd7a98g9PjRg-IuW2mr0g,,"March 28, 2019",,
"Are Arabs and Iranians white? Census says yes, but many disagree",The Los Angeles Times,,Metropolitan,Politics,3/28/2019,https://www.latimes.com/projects/la-me-census-middle-east-north-africa-race/?fbclid=IwAR3gbEF9-rx6uIvLvYWH_okTyYBFYb4-rS_Gga45mqp43GBmF196zPmTmkc#nt=oft-Triple%20Chain~Recommender~triple-recommender~california-recommender~~6~no-art~curated~curatedpage,,"March 28, 2019",,
"In Palm Springs, the nation’s first all-LGBTQ city council tests the modern meaning of diversity",The Washington Post,1,Metropolitan,Politics,2/18/2019,https://www.washingtonpost.com/national/in-palm-springs-the-nations-first-all-lgbtq-city-council-tests-the-modern-meaning-of-diversity/2019/02/18/38f9b600-3074-11e9-8ad3-9a5b113ecd3c_story.html?noredirect=on&utm_term=.fd81937d5599,,"March 28, 2019",,
"No Longer The Default, Male Candidates Grapple With Identity Too",NPR,2,Metropolitan,Politics,3/28/2019,https://www.npr.org/2019/03/28/707320777/no-longer-the-default-male-candidates-grapple-with-identity-too?utm_source=facebook.com&utm_medium=social&utm_campaign=politics&utm_term=nprnews&utm_content=20190328&fbclid=IwAR219zzLDakyJ-Jc_bx4LjTqORi7xXCjY8Eenf2cRHow4d4Neyz84Wc7EO4,,"March 28, 2019",,
Fresno’s Mason-Dixon Line,The Atlantic,2,Metropolitan,"Law,Politics",8/20/2018,https://www.theatlantic.com/politics/archive/2018/08/fresnos-segregation/567299/,,"February 15, 2019",,
"One Lawyer, 194 Felony Cases, and No Time",The New York Times,2,Law,,1/31/2019,https://www.nytimes.com/interactive/2019/01/31/us/public-defender-case-loads.html,,"February 5, 2019",,
How Every Member Got to Congress,The New York Times,2,Politics,Visualization,1/26/2019,https://www.nytimes.com/interactive/2019/01/26/opinion/sunday/paths-to-congress.html?action=click&module=Opinion&pgtype=Homepage,,"January 28, 2019",,2019
Who Lives in Education Deserts?,The Chronicle of Higher Education,1,Education,Metropolitan,7/17/2018,https://www.chronicle.com/interactives/education-deserts?fbclid=IwAR1VYMAMrO5e6o1fcItxV3Sx3r5YRolmTBBckWY8yZoPFkdlQtwHYCkyTB0,,"January 16, 2019",,
America Is Divided by Education,The Atlantic,3,Politics,"Higher Education,Education,Life",11/7/2018,https://www.theatlantic.com/education/archive/2018/11/education-gap-explains-american-politics/575113/,,"January 16, 2019",,
The Millennial Generation: A demographic bridge to America’s diverse future,Brookings,1,Metropolitan,Stockton,1/1/2018,https://www.brookings.edu/wp-content/uploads/2018/01/2018-jan_brookings-metro_millennials-a-demographic-bridge-to-americas-diverse-future.pdf,"Its a PDF report and may be 53 pages but, close enough
","January 14, 2019",,
A Third of Your Freshmen Disappear. How Can You Keep Them?,The Chronicle of Higher Education,1,Higher Education,Life,6/3/2018,https://www.chronicle.com/article/A-Third-of-Your-Freshmen/243560?cid=cp204,,"January 14, 2019",,
What Do Men Think It Means To Be A Man?,FiveThirtyEight,,Life,Visualization,6/20/2018,https://fivethirtyeight.com/features/what-do-men-think-it-means-to-be-a-man/?fbclid=IwAR2ODAwtDfcPbJAElXWlP9EFXEfXIJSqpkETWzgqFOUlmaoyfypGMM2La5A,,"January 14, 2019",,
The 45 Best — And Weirdest — Charts We Made In 2018,FiveThirtyEight,1,Visualization,,12/27/2018,https://fivethirtyeight.com/features/the-45-best-and-weirdest-charts-we-made-in-2018/,,"January 14, 2019",,
The Era Of Easy Recycling May Be Coming To An End,FiveThirtyEight,1,Science,,1/10/2019,https://fivethirtyeight.com/features/the-era-of-easy-recycling-may-be-coming-to-an-end/,"If you want to know how to responsibly recycle, check out: 
https://fivethirtyeight.com/features/how-to-make-sure-your-recycling-gets-recycled/?ex_cid=story-facebook&fbclid=IwAR39wgjbCcTPaKjhillnTZRJRnwER2vxFHpbkWjEnRC3dSuqaCCpOoqFMlg","January 13, 2019",,
America is more diverse than ever—but still segregated,The Washington Post,,Metropolitan,,5/10/2018,https://www.washingtonpost.com/graphics/2018/national/segregation-us-cities/?utm_term=.e0cf22d782f1,,"December 27, 2018",,
Borderline,The Washington Post,,Politics,"Metropolitan,Visualization",10/17/2018,https://www.washingtonpost.com/graphics/2018/national/us-mexico-border-flyover/?noredirect=on&utm_term=.40569a7dd185,,"December 27, 2018",,
Exit Polls: How Voting Blocs Have Shifted From the ’80s to Now,The New York Times,1,Politics,Visualization,11/7/2018,https://www.nytimes.com/interactive/2018/11/07/us/elections/house-exit-polls-analysis.html,,"December 27, 2018",,
How to forecast an American’s vote,The Economist,,Politics,Visualization,11/3/2018,https://www.economist.com/graphic-detail/2018/11/03/how-to-forecast-an-americans-vote,,"December 27, 2018",,
"Your Apps Know Where You Were Last Night, and They’re Not Keeping It Secret",The New York Times,1,Technology,"Visualization,Life",12/10/2018,https://www.nytimes.com/interactive/2018/12/10/business/location-data-privacy-apps.html,,"December 27, 2018",,
How McKinsey Has Helped Raise the Stature of Authoritarian Governments,The New York Times,1,Economics,"The World,Politics",12/15/2018,https://www.nytimes.com/2018/12/15/world/asia/mckinsey-china-russia.html?fbclid=IwAR1Ll2RUXKxJ0R33qNcgaWT3dwXI39P13rOwd1ML_81lGzSrcHHlw-SpiRw,,"December 23, 2018",,
Why Are Young People Having So Little Sex?,The Atlantic,1,Love,Life,12/1/2018,https://www.theatlantic.com/magazine/archive/2018/12/the-sex-recession/573949/,,"December 23, 2018",,2019
What Teenagers Are Learning From Online Porn,The New York Times,1,Love,Life,2/7/2018,https://www.nytimes.com/2018/02/07/magazine/teenagers-learning-online-porn-literacy-sex-education.html,,"December 23, 2018",,
"Crime once plagued San Joaquin County, but now its jail has empty beds. Here’s what it did right",The Los Angeles Times,,Stockton,"Law,Metropolitan",12/21/2018,https://www.latimes.com/local/california/la-me-san-joaquin-crime-reforms-20181221-htmlstory.html?fbclid=IwAR2U6hfJ5gseg5iSrm4zUS0soQYb1fFRegonuoJZ5VKSwLQU6tx8Zy36rXE,,"December 21, 2018",,
The Liberal Arts May Not Survive the 21st Century,The Atlantic,,Higher Education,,12/13/2018,https://www.theatlantic.com/education/archive/2018/12/the-liberal-arts-may-not-survive-the-21st-century/577876/,,"December 18, 2018",,
The CRISPR Baby Scandal Gets Worse by the Day,The Atlantic,1,Science,,12/3/2018,https://www.theatlantic.com/science/archive/2018/12/15-worrying-things-about-crispr-babies-scandal/577234/,,"December 16, 2018",,
Single Mothers Are Not the Problem,The New York Times,,Politics,Economics,2/10/2018,https://www.nytimes.com/2018/02/10/opinion/sunday/single-mothers-poverty.html?fbclid=IwAR3SjEz79a_sFP2L07E2wclJsoQ4qKclMVYhTC2w4Kxoz8colbHOavCBMs0,,"December 15, 2018",,
Improving Ourselves to Death,The New Yorker,,Life,,1/15/2018,https://www.newyorker.com/magazine/2018/01/15/improving-ourselves-to-death?fbclid=IwAR2yqeEQuMI7ffg7gYOYr7K_I45wXBWN--TyBaV_6gNbtH8fb33T2xovo1E,,"December 15, 2018",,
Today's Rebels Are Model Children,The Atlantic,,Education,Politics,3/28/2018,https://www.theatlantic.com/family/archive/2018/03/todays-rebels-are-model-children/556682/?fbclid=IwAR1aBQHIugL7b1o4QKIKjr349UoSwyRinYpjMyCOFiBLjeo5aE5WHZWTVKY,,"December 15, 2018",,
"Actually, You Can Fix Stupid",The New York Times,1,Education,Politics,3/30/2018,https://www.nytimes.com/2018/03/30/opinion/protests-democracy-teens.html?fbclid=IwAR3LeIHJDxFZu_7ub-THOrIHmmnbxjVYSH-FITpBfatES7y7zaB_CAvfVjQ,,"December 15, 2018",,
I Tried to Befriend Nikolas Cruz. He Still Killed My Friends.,The New York Times,,Politics,Life,3/27/2018,https://www.nytimes.com/2018/03/27/opinion/nikolas-cruz-shooting-florida.html?fbclid=IwAR3kYE6pr5TDXmI8Ejea6MrX2qyo-4cA8B00tq-3Nf40dKIfjZtwuogIrik,,"December 15, 2018",,
Do the Patterns in Your Past Predict Your Future?,NPR,,Life,,3/30/2018,https://www.npr.org/sections/health-shots/2018/03/30/597974076/invisibilia-do-the-patterns-in-your-past-predict-your-future?fbclid=IwAR13KYSsMJSJ0nzOOq4rJKv7aetzFfRIZyq1QxXIHW15C-ZkdhnUXfKncZg,,"December 15, 2018",,
How Young Is Too Young for Protest? A National Gun-Violence Walkout Tests Schools,The New York Times,2,Education,Politics,3/13/2018,https://www.nytimes.com/2018/03/13/us/national-school-walkout-guns.html?fbclid=IwAR3rLQ1on6r76huj01Mqin3th-QxSlfv2DwMOIpIuvQ7sNuKJhhagQ1-IAo,,"December 15, 2018",,
Good Leaders Make Good Schools,The New York Times,,Education,,3/12/2018,https://www.nytimes.com/2018/03/12/opinion/good-leaders-schools.html?fbclid=IwAR3ajuyFpCRLDFgpq3YdeA88jYi3RmX907A4kErVZEvD_wBqGFv2gVSA1ps,,"December 15, 2018",,
"After decades of pushing bachelor’s degrees, U.S. needs more tradespeople",PBS,,Higher Education,Economics,8/29/2017,https://www.pbs.org/newshour/education/decades-pushing-bachelors-degrees-u-s-needs-tradespeople?fbclid=IwAR2h_QbZpQpOtWRKreb8IS28EiYGWgYUNyKTfipvzETPaI8kK4LiSArdcaI,,"December 15, 2018",,
Why police so rarely get charged for killing unarmed black men like Stephon Clark,The Sacramento Bee,1,Law,Metropolitan,3/29/2018,https://www.sacbee.com/opinion/california-forum/article207012138.html?fbclid=IwAR0G5eXAxmTwWXV61S9kmZRBXJG8MJZ3W6OgxbNUjYApMeFYHZAl3eq02kE,,"December 15, 2018",,
Vote. That’s Just What They Don’t Want You to Do.,The New York Times,,Politics,,3/10/2018,https://www.nytimes.com/2018/03/10/opinion/sunday/go-vote.html?fbclid=IwAR3kbCi0-ufImHly7rVoz_0xxFLgnbR-NlL_vZ4VHM6gbjduBJUXw7gTzGE,,"December 15, 2018",,
The Unmet Promise of Equality,The New York Times,1,Economics,Visualization,2/28/2018,https://www.nytimes.com/interactive/2018/02/28/opinion/the-unmet-promise-of-equality.html?fbclid=IwAR0jOncWvLhzZmlOB7MPzdvbIK8faPP6nqQQcEmE11-aKJtmJd_He--VfI0,,"December 15, 2018",,
An Imagined Date Between Two Straight Men,The New Yorker,1,Life,Love,12/13/2016,https://www.newyorker.com/humor/daily-shouts/an-imagined-date-between-two-straight-men?fbclid=IwAR0vIPV96GV8hMPtILF3VkZEcGnZtpM74V33S9b6-7zkyCfahaXBvHKT9rg,,"December 15, 2018",,
"America's Schools Are 'Profoundly Unequal,' Says U.S. Civil Rights Commission",NPR,,Education,Metropolitan,1/11/2018,https://www.npr.org/sections/ed/2018/01/11/577000301/americas-schools-are-profoundly-unequal-says-u-s-civil-rights-commission?fbclid=IwAR2dVruXVA6R2afOc51tbrS6skzMscOt3cLaLjiQVxUV3AN_nmS-z2JeVyU,,"December 15, 2018",,
The Attack on Educational Excellence,The Wall Street Journal,,Education,Metropolitan,6/12/2018,https://www.wsj.com/articles/the-attack-on-educational-excellence-1528844469?fbclid=IwAR1Ab2TvSBvuEXFexjcujM3ttc5LxNSEe0jrE3eYiFr-4YqtbSmFd53Q2Nc,,"December 15, 2018",,
Stop calling the French World Cup victory an ‘immigrant win’,The Washington Post,,Metropolitan,,7/20/2018,https://www.washingtonpost.com/news/made-by-history/wp/2018/07/20/stop-calling-the-french-world-cup-victory-an-immigrant-win/?fbclid=IwAR1F8bAW0bfGOvtde4QtJj9C90dj6sTXEPUCsWiU8fev1A0bKF315XP92I8,,"December 15, 2018",,
The Very American Killing of Nia Wilson,The New Yorker,2,Metropolitan,,7/31/2018,https://www.newyorker.com/culture/cultural-comment/the-very-american-killing-of-nia-wilson?fbclid=IwAR1sFgnTv9Qn0TKJ_6uhVUIO04N8q8rtWVgv1LMpwlS19OfTYpAFdDJU02k,,"December 15, 2018",,
How to Get the Most Out of College,The New York Times,2,Life,Higher Education,8/17/2018,https://www.nytimes.com/2018/08/17/opinion/college-students.html?fbclid=IwAR1m1W-dtjYm2B_zoVnbSJ68W86xaCH_nb1xeMN6c9_17SuPupT8RQLHR5c,"The best article I have read about how to spend your ""college days"" (and I've read a lot). As in closest to how I think about it.","December 15, 2018",,
We Can’t Just Let Boys Be Boys,The New York Times,3,Life,,9/29/2018,https://www.nytimes.com/2018/09/29/opinion/sunday/sex-education-ethics-assault-boys.html,,"December 15, 2018",,
The Boys Are Not All Right,The New York Times,,Life,Metropolitan,2/21/2018,https://www.nytimes.com/2018/02/21/opinion/boys-violence-shootings-guns.html?fbclid=IwAR0osymFmnLjirB8G-2W_cI0LBBrfPFJE12CciH2aZaPwk20JLLAbi-JZn8,,"December 15, 2018",,
Critics say Alexandria Ocasio-Cortez can’t hang with the intellectual heavyweights ... in Congress,Vox,2,Politics,Metropolitan,8/31/2018,https://www.vox.com/2018/8/31/17763462/alexandria-ocasio-cortez-criticism-fact-check?fbclid=IwAR1Hwjk3jAg3JJALmqO4BA0--NF3IpTIoeoHi28yv6SQSgpEJ7Kck3GOXfM,,"December 15, 2018",,
How Rising Inequality Has Widened the Justice Gap,The New York Times,,Law,Metropolitan,8/31/2018,https://www.nytimes.com/2018/08/31/business/rising-inequality-widened-justice-gap.html?fbclid=IwAR0VGD-9j3PVNliL1KMUeWjtwgF9OWWIy0t6ohFI1K6aUDjQrZMjYPY7GEQ,,"December 15, 2018",,
How to Make a Big Decision,The New York Times,,Life,,9/1/2018,https://www.nytimes.com/2018/09/01/opinion/sunday/how-make-big-decision.html?fbclid=IwAR2KuNQ4mEJ4pDhba6zxk9_xv1kj2VRHBHCnddubdJGmVKyQTqCHNEIeoBM,,"December 15, 2018",,
Donald Trump’s Perverse Advantage,The New York Times,,Politics,,10/20/2018,https://www.nytimes.com/2018/10/20/opinion/sunday/donald-trump-elizabeth-warren.html?fbclid=IwAR2U5TLSZdPdQZdZw9hcuhVwnk6fVs36Sdb8DFDQn6FI0pNXctiB4PiH9Lk,,"December 15, 2018",,
Are Civics Lessons a Constitutional Right? This Student Is Suing for Them,The New York Times,1,Law,Education,11/28/2018,https://www.nytimes.com/2018/05/30/business/stockton-basic-income.html,,"December 15, 2018",,
Free Cash to Fight Income Inequality? California City Is First in U.S. to Try,The New York Times,,Stockton,Economics,5/30/2018,https://www.nytimes.com/2018/05/30/business/stockton-basic-income.html,,"December 15, 2018",,
Can Philanthropy Save a City?,The Atlantic,,Stockton,Economics,8/2/2018,https://www.theatlantic.com/technology/archive/2018/08/stockton-philanthropy-michael-tubbs/566624/,,"December 15, 2018",,
Recovering from Historical Amnesia,Teach For America,3,Stockton,Education,1/30/2018,https://www.teachforamerica.org/one-day-magazine/recovering-historical-amnesia,,"December 15, 2018",,
America's Most and Least Distressed Cities,City Lab,,Stockton,Economics,9/26/2017,https://www.citylab.com/equity/2017/09/distressed-communities/541044/?utm_source=SFFB,,"December 15, 2018",,
The Ballad of Rocky Rontal: How Do We Forgive the Unforgivable?,The California Sunday Magazine,3,Stockton,Life,8/4/2016,https://story.californiasunday.com/rocky-rontal,,"December 15, 2018",,
Key to the City,Comstock's,3,Stockton,Life,8/9/2016,https://www.comstocksmag.com/longreads/key-city,,"December 15, 2018",,
A Message From the City That Went Bankrupt,The Wall Street Journal,,Stockton,Economics,9/27/2012,http://www.stocktongov.com/files/WSJ_2012_9_27__A_Message_From_the_City_That_Went_Bankrupt.pdf,,"December 15, 2018",,
"Years of Unraveling, Then Bankruptcy for a City",The New York Times,,Stockton,Economics,7/18/2012,https://www.nytimes.com/2012/07/19/us/years-of-unraveling-then-bankruptcy-for-a-city.html,,"December 15, 2018",,
Stockton Humbly Emerges from 31 Months of Bankruptcy,Breitbart,,Stockton,Economics,2/27/2015,https://www.breitbart.com/local/2015/02/27/stockton-humbly-emerges-from-31-months-of-bankruptcy/,Idk why I have a Breitbart article for this. I'll look for another one eventually,"December 15, 2018",,
How Plan to Help City Pay Pensions Backfired,The New York Times,,Stockton,Economics,9/4/2012,https://archive.nytimes.com/query.nytimes.com/gst/fullpage-9E0CEEDA113CF937A3575AC0A9649D8B63.html,,"December 15, 2018",,
"Mediation Fails, Pushing Stockton Toward Bankruptcy",The New York Times,,Stockton,Economics,6/27/2012,https://www.nytimes.com/2012/06/28/us/stockton-california-heads-for-bankruptcy-court.html?_r=0,,"December 15, 2018",,
"Income Mobility Charts for Girls, Asian-Americans and Other Groups. Or Make Your Own.","The New York Times,The Upshot",3,Metropolitan,"Visualization,Economics",3/27/2018,https://www.nytimes.com/interactive/2018/03/27/upshot/make-your-own-mobility-animation.html,,"December 15, 2018",,
Extensive Data Shows Punishing Reach of Racism for Black Boys,"The New York Times,The Upshot",3,Metropolitan,"Visualization,Economics",3/19/2018,https://www.nytimes.com/interactive/2018/03/19/upshot/race-class-white-and-black-men.html,,"December 15, 2018",,
The Opportunity Atlas,Opportunity Insights,3,Economics,"Metropolitan,Visualization",10/1/2018,https://www.opportunityatlas.org/,,"December 15, 2018",,
Why Procrastinators Procrastinate,Wait But Why,3,Life,,10/30/2013,https://waitbutwhy.com/2013/10/why-procrastinators-procrastinate.html,The closest written explanation to what my procrastination/ anxiety looks/ feels like.,"December 15, 2018",,
"In UC's battle with the world's largest scientific publisher, the future of information is at stake",The Los Angeles Times,2,Higher Education,,12/7/2018,https://www.latimes.com/business/hiltzik/la-fi-hiltzik-uc-elsevier-20181207-story.html,,"December 15, 2018",,
We can draw school zones to make classrooms less segregated. This is how well your district does.,Vox,2,Education,"Metropolitan,Visualization",8/27/2018,https://www.vox.com/2018/1/8/16822374/school-segregation-gerrymander-map,,"December 15, 2018",,
"Segregated Neighborhoods, Segregated Schools?",The Urban Institute,2,Education,"Metropolitan,Visualization",11/28/2018,https://www.urban.org/features/segregated-neighborhoods-segregated-schools,,"December 15, 2018",,
A Map of Every Building in America,The New York Times,2,Visualization,,10/12/2018,https://www.nytimes.com/interactive/2018/10/12/us/map-of-every-building-in-the-united-states.html?fbclid=IwAR3GULdvzQ7L2TZyzz5esoi79yIyzvQgQKkW7Af4uTYhWxR-1KL35L9Nf2U,,"December 15, 2018",,
How to Level the College Playing Field,The New York Times,3,Higher Education,,4/7/2018,https://www.nytimes.com/2018/04/07/opinion/sunday/harold-levy-college.html?fbclid=IwAR0Hv6hSBdLpOToo6MCyfcaj_8IOncZbZh6SzV-o6dp5_OoTHrAT8Qal9tc,,"December 15, 2018",,
How Well-Intentioned White Families Can Perpetuate Racism,The Atlantic,,Metropolitan,Politics,9/4/2018,https://www.theatlantic.com/family/archive/2018/09/white-kids-race/569185/,,"December 15, 2018",,
Cat Person,The New Yorker,3,Life,,12/11/2017,https://www.newyorker.com/magazine/2017/12/11/cat-person,,"December 15, 2018",,
Why Are More American Teenagers Than Ever Suffering From Severe Anxiety?,"The New York Times,The New York Times Magazine",1,Life,,10/1/2017,https://www.nytimes.com/2017/10/11/magazine/why-are-more-american-teenagers-than-ever-suffering-from-severe-anxiety.html?_r=0,,"December 15, 2018",,
Students At Most Colleges Don’t Pick ‘Useless’ Majors,FiveThirtyEight,,Higher Education,Economics,8/14/2017,https://fivethirtyeight.com/features/students-at-most-colleges-dont-pick-useless-majors/,,"December 15, 2018",,
The Gerrymandering Project,FiveThirtyEight,3,Politics,Metropolitan,12/1/2017,https://fivethirtyeight.com/tag/the-gerrymandering-project/,"One stop shop for ALL your questions, concerns, and ideas about gerrymandering.","December 15, 2018",,
Dear White America,The New York Times,2,Metropolitan,,12/24/2015,https://opinionator.blogs.nytimes.com/2015/12/24/dear-white-america/,,"December 15, 2018",,
The Scientific Case for Two Spaces After a Period,The Atlantic,,Life,,5/11/2018,https://www.theatlantic.com/science/archive/2018/05/two-spaces-after-a-period/559304/?utm_source=atlfb_test40_3,,"December 15, 2018",,
The Silence: The Legacy of Childhood Trauma,The New Yorker,3,Life,Metropolitan,4/16/2018,https://www.newyorker.com/magazine/2018/04/16/the-silence-the-legacy-of-childhood-trauma?mbid=social_twitter,,"December 15, 2018",,
Middle-Class Families Increasingly Look to Community Colleges,The New York Times,2,Higher Education,Metropolitan,4/5/2018,https://www.nytimes.com/2018/04/05/education/learning/community-colleges-middle-class-families.html,,"December 15, 2018",,
How to Build a Successful Team,The New York Times,,Life,,,https://www.nytimes.com/guides/business/manage-a-successful-team?rref=collection%2Fspotlightcollection%2Fwell-guides&_r=0&redirect=true,Lots of great linked articles.,"December 15, 2018",,
Is the Answer to Phone Addiction a Worse Phone?,The New York Times,2,Life,,1/12/2018,https://www.nytimes.com/2018/01/12/technology/grayscale-phone.html,,"December 15, 2018",,
"The Lawyer, the Addict",The New York Times,2,Love,"Law,Life",7/15/2017,https://www.nytimes.com/2017/07/15/business/lawyers-addiction-mental-health.html?referer=https://www.google.com/,,"December 15, 2018",,
The Surprising Revolt at the Most Liberal College in the Country,The Atlantic,3,Higher Education,Metropolitan,11/2/2017,https://www.theatlantic.com/education/archive/2017/11/the-surprising-revolt-at-reed/544682/,,"December 15, 2018",,
"In Trump Country, a University Confronts its Skeptics",Politico,3,Higher Education,Metropolitan,11/9/2017,https://www.politico.com/story/2017/11/09/university-of-michigan-admissions-low-income-244420,,"December 15, 2018",,
Existential Office Emails,The New Yorker,3,Life,,3/6/2017,https://www.newyorker.com/humor/daily-shouts/existential-office-e-mails,,"December 15, 2018",,
The Supreme Court Is Allergic To Math,FiveThirtyEight,3,Law,Politics,10/17/2017,https://fivethirtyeight.com/features/the-supreme-court-is-allergic-to-math/,,"December 15, 2018",,
Google X and the Science of Radical Creativity,The Atlantic,3,Life,,11/1/2017,https://www.theatlantic.com/magazine/archive/2017/11/x-google-moonshot-factory/540648/,,"December 15, 2018",,
The First White President,The Atlantic,3,Politics,Metropolitan,10/1/2017,https://www.theatlantic.com/magazine/archive/2017/10/the-first-white-president-ta-nehisi-coates/537909/,,"December 15, 2018",,
Why Do We Work So Hard?,"The Economist,1843 Magazine",,Life,,5/1/2016,https://www.1843magazine.com/features/why-do-we-work-so-hard,,"December 15, 2018",,
Colin Kaepernick Has a Job,Bleacher Report,3,Metropolitan,Politics,9/12/2017,https://bleacherreport.com/articles/2732670-colin-kaepernick-anthem-race-in-america,,"December 15, 2018",,
I’m a White Man. Hear Me Out.,The New York Times,,Metropolitan,Politics,8/12/2017,https://www.nytimes.com/2017/08/12/opinion/sunday/identity-politics-white-men.html,,"December 15, 2018",,
The 36 Questions That Lead to Love,The New York Times,3,Love,,1/9/2015,https://www.nytimes.com/2015/01/11/fashion/no-37-big-wedding-or-small.html,The original Modern Love article: https://www.nytimes.com/2015/01/11/fashion/modern-love-to-fall-in-love-with-anyone-do-this.html,"December 15, 2018",,
The Biggest Misconception About Today’s College Students,The New York Times,3,Higher Education,,8/28/2017,https://www.nytimes.com/2017/08/28/opinion/community-college-misconception.html,,"December 15, 2018",,
Have Smartphones Destroyed a Generation?,The Atlantic,3,Life,Metropolitan,9/1/2017,https://www.theatlantic.com/magazine/archive/2017/09/has-the-smartphone-destroyed-a-generation/534198/,,"December 15, 2018",,
The Worst Internet in America ,FiveThirtyEight,,Metropolitan,Visualization,7/27/2017,https://fivethirtyeight.com/features/the-worst-internet-in-america/,538 no longer stands by the data used in the article but it still makes a potent larger point and is also just a beautiful article.,"December 15, 2018",,
The Depressed Person,David Foster Wallace,2,Love,,1/1/1998,https://harpers.org/wp-content/uploads/HarpersMagazine-1998-01-0059425.pdf,Warning: This is not about love.,"December 15, 2018",,
The Identity Politics Of The Trump Administration,FiveThirtyEight,1,Metropolitan,Politics,5/4/2017,https://fivethirtyeight.com/features/the-identity-politics-of-the-trump-administration/,,"December 15, 2018",,
How to Stop Breaking Up,The New York Times,1,Love,,7/14/2017,https://www.nytimes.com/2017/07/14/style/how-to-stop-breaking-up-modern-love.html,,"December 15, 2018",,
Democrats' Revival Could Run Through Tammany Hall,Bloomberg,,Politics,,7/12/2017,https://www.bloomberg.com/opinion/articles/2017-07-12/democrats-revival-could-run-through-tammany-hall?,,"December 15, 2018",,
Hated by the Right. Mocked by the Left. Who Wants to Be ‘Liberal’ Anymore?,"The New York Times,The New York Times Magazine",,Politics,,7/5/2017,https://www.nytimes.com/2017/07/05/magazine/hated-by-the-right-mocked-by-the-left-who-wants-to-be-liberal-anymore.html,,"December 15, 2018",,
Stop Pretending You’re Not Rich,The New York Times,1,Economics,,5/10/2017,https://www.nytimes.com/2017/06/10/opinion/sunday/stop-pretending-youre-not-rich.html,,"December 15, 2018",,
"Steady Jobs, With Pay and Hours That Are Anything But",The New York Times,,Economics,Visualization,5/31/2017,https://www.nytimes.com/2017/05/31/business/economy/volatile-income-economy-jobs.html,,"December 15, 2018",,
‘Duck Dynasty’ vs. ‘Modern Family’: 50 Maps of the U.S. Cultural Divide,"The New York Times,The Upshot",3,Metropolitan,Visualization,12/17/2016,https://www.nytimes.com/interactive/2016/12/26/upshot/duck-dynasty-vs-modern-family-television-maps.html,,"December 15, 2018",,
John F. Kennedy: An Idealist Without Illusions,The New York Times,,Politics,,5/29/2017,https://www.nytimes.com/2017/05/29/opinion/john-f-kennedy-an-idealist-without-illusions.html,,"December 15, 2018",,
Is Trump's Victory the Jump-Start Civics Education Needed?,The Atlantic,1,Education,Politics,11/10/2016,https://www.theatlantic.com/education/archive/2016/11/is-trumps-victory-the-jump-start-civics-education-needed/507293/?utm_source=atlfb,,"December 15, 2018",,
Putting Democracy Back into Public Education,The Century Foundation,,Education,Politics,11/10/2016,https://tcf.org/content/report/putting-democracy-back-public-education/?agreed=1,,"December 15, 2018",,
The Divide Between Red and Blue America Grew Even Deeper in 2016,The New York Times,,Politics,Visualization,11/10/2016,https://www.nytimes.com/interactive/2016/11/10/us/politics/red-blue-divide-grew-stronger-in-2016.html,,"December 15, 2018",,
A Letter to My Nephew,,,Metropolitan,,12/1/1962,http://progressive.org/magazine/letter-nephew/,,"December 15, 2018",,
How Nationalism Can Solve the Crisis of Islam,The Wall Street Journal,,The World,,5/26/2017,https://www.wsj.com/articles/how-nationalism-can-solve-the-crisis-of-islam-1495830440,,"December 15, 2018",,
The Assault on Colleges — and the American Dream,The New York Times,,Higher Education,,5/25/2017,https://www.nytimes.com/2017/05/25/opinion/sunday/the-assault-on-colleges-and-the-american-dream.html,,"December 15, 2018",,
Leave Your Safe Spaces: The 2017 Commencement Address at Hampden-Sydney College,The New York Times,,Higher Education,Politics,5/15/2017,https://www.nytimes.com/2017/05/15/opinion/leave-your-safe-spaces-the-2017-commencement-address-at-hampden-sydney-college.html,,"December 15, 2018",,
America’s New Aristocracy,The Economist,3,Education,Economics,1/22/2015,https://www.economist.com/leaders/2015/01/22/americas-new-aristocracy,,"December 15, 2018",,
The Uproar Over ‘Transracialism’,The New York Times,1,Metropolitan,,5/18/2017,https://www.nytimes.com/2017/05/18/opinion/the-uproar-over-transracialism.html?_r=1&referer,,"December 15, 2018",,
Some Colleges Have More Students From the Top 1 Percent Than the Bottom 60.,"The New York Times,The Upshot",3,Higher Education,Visualization,1/18/2017,https://www.nytimes.com/interactive/2017/01/18/upshot/some-colleges-have-more-students-from-the-top-1-percent-than-the-bottom-60.html?mcubz=3,UCLA: https://www.nytimes.com/interactive/projects/college-mobility/university-of-california-los-angeles,"December 15, 2018",,
"America, From Exceptionalism to Nihilism",The New York Times,,Politics,,4/28/2017,https://www.nytimes.com/2017/04/28/opinion/america-from-exceptionalism-to-nihilism.html?referer=http://m.facebook.com,,"December 15, 2018",,
Reaching Out to the Voters the Left Left Behind,The New York Times,,Politics,,4/13/2017,https://www.nytimes.com/2017/04/13/opinion/reaching-out-to-the-voters-the-left-left-behind.html?,,"December 15, 2018",,
"Racial Bias, Even When We Have Good Intentions","The New York Times,The Upshot",,Metropolitan,,1/3/2015,https://www.nytimes.com/2015/01/04/upshot/the-measuring-sticks-of-racial-bias-.html,,"December 15, 2018",,
The Republican Waterloo,The Atlantic,3,Politics,Health Care,3/24/2017,https://www.theatlantic.com/politics/archive/2017/03/the-republican-waterloo/520833/?utm_source=atlfb,,"December 15, 2018",,
The Most Diverse Cities Are Often The Most Segregated,FiveThirtyEight,2,Metropolitan,"Visualization,Stockton",5/1/2015,https://fivethirtyeight.com/features/the-most-diverse-cities-are-often-the-most-segregated/,,"December 15, 2018",,2020
How to Escape Your Political Bubble for a Clearer View,The New York Times,,Politics,,3/3/2017,https://www.nytimes.com/2017/03/03/arts/the-battle-over-your-political-bubble.html,,"December 15, 2018",,
The Isolation of College Libertarians,The New York Times,,Higher Education,Politics,2/28/2017,https://www.nytimes.com/2017/02/28/opinion/the-isolation-of-college-libertarians.html,,"December 15, 2018",,
You May Want to Marry My Husband,The New York Times,3,Love,,3/3/2017,https://nytimes.com/2017/03/03/style/modern-love-you-may-want-to-marry-my-husband.html?smprod=nytcore-iphone&smid=nytcore-iphone-share&_r=0&referer=https%3A%2F%2Ft.co%2FTifVoGN2mH,,"December 15, 2018",,
Shut Up About Harvard,FiveThirtyEight,3,Higher Education,,3/30/2016,https://fivethirtyeight.com/features/shut-up-about-harvard/,,"December 15, 2018",,
Why God Will Not Die,The Atlantic,1,Religion,,12/1/2014,https://www.theatlantic.com/magazine/archive/2014/12/why-god-will-not-die/382231/,,"December 15, 2018",,
‘What Do You Think Is the Most Important Problem Facing This Country Today?’,The New York Times,1,Politics,Visualization,2/27/2017,https://www.nytimes.com/interactive/2017/02/27/us/politics/most-important-problem-gallup-polling-question.html?smid=fb-nytimes&smtyp=cur&_r=1&mtrref=www.facebook.com,,"December 15, 2018",,
I Helped Create the Milo Trolling Playbook. You Should Stop Playing Right Into It.,The Observer,1,Politics,Higher Education,2/7/2017,https://observer.com/2017/02/i-helped-create-the-milo-trolling-playbook-you-should-stop-playing-right-into-it/,,"December 15, 2018",,